feature,importance_mean,importance_std
previous_loan_defaults_on_file,0.22001215714285713,0.0020660353057219373
loan_int_rate,0.036194250000000074,0.002073369715103931
person_home_ownership,0.020868378571428627,0.0007575627163369097
loan_intent,0.01286190714285711,0.001018160724050907
loan_percent_income,0.008872992857142891,0.000673024193472975
loan_to_income,0.008775857142857136,0.000590314324780241
loan_amnt,0.004444250000000016,0.0008700761548888185
person_income,0.002532657142857153,0.0001717376181557504
credit_score,0.002146978571428604,0.0005189766168889785
person_education,0.0012389142857142988,0.0004780865355876821
person_gender,0.0007262785714285513,0.000651566240700317
cb_person_cred_hist_length,-0.000660735714285754,0.0003829612355828954
person_age,-0.0007586071428570928,0.00022123940998519353
person_emp_exp,-0.0008978785714285564,0.00022919728112142783
